,artist_id,artist_name,album_id,album_title,song_id,song_title,release_date,song_artist,song_lyrics
0,20148657,IVE (아이브),4091551,I'VE MINE,6217625,Off The Record,2023.10.13,IVE (아이브),"[시간이 됐어 It's 2 A.M. 
목소릴 낮추고 더 속삭여줄래
이 밤이 좀 더 깊어지면
뭔가 더 솔직해도 될 것 같은 기분이 들어

있잖아 가끔 난 무척
발칙한 상상을 해
남들은 절대 모를 걸
이젠 비공개 모드야

Off the record night
This late night conversation
멈추지 않아
No more time, no more kill my vibe
This late night conversation
잠들지 않아

Yeah 비밀스럽게 잠겨진 문
그 맘을 우리에게 살짝 열어줘
떠나 forbidden island
찾아 forbidden fruit
가끔은 왠지 금지된 게 궁금하거든 yeah

순진한 가면을 벗고 
흑심을 드러내 봐 
그런 게 없을 리 없어
이젠 비공개 모드야

Off the record night
This late night conversation
멈추지 않아
No more time, no more kill my vibe
This late night conversation
잠들지 않아

Make it round on the ground yeah
더 가까이 모여 앉아
자, 모든 걸 털어놔
Off the record night
This late night conversation
멈추지 않아

We're talkin' 'bout the
Late n-n-n-n-night conversation
Late night conversation
못 살아 내가 정말 미쳐 진짜? 그래서 또 뭔데?
난 그냥 restaurant, cafe, 영화
그런 사랑 말고 조금 더 특별한
은밀하고 아찔한 걸 원해 난 
So this is my time, it’s my time

숨막히는 trailer
또 엄청난 반전도 있어야지
로맨틱한 psycho 날 탐하면 모든 걸 견뎌야지 
Love me, love me
어서 날 Leave me, leave me
날마다 killing healing
또 외쳐 난 Stay

Off the record night
This late night conversation
멈추지 않아
No more time, no more kill my vibe
This late night conversation
잠들지 않아

Moon is setting tonight yeah
(어둠이 조금 더 짙어져가)
더 반짝거리는 your eyes
(Lookin' it, lookin' it deep in the eyes)
난 하늘의 별을 봐

Off the record night
This late night conversation
잠들지 않아]"
1,20148657,IVE (아이브),4091551,I'VE MINE,6218218,Baddie,2023.10.13,IVE (아이브),"[Imma baddie baddie baddie
Pretty little risky baddie
뭐든 될 대로 되라지 Catch me if you can 
Baddie baddie baddie
나는 없어 거기 이미
어차피 못 찾을 테니 Catch me if you can

Nothing like the regulars
내 DNA엔 blue blood runs
더 솔직하게 말해줘 착한 척은 지겨워
우리 앞에선 룰이 
의미 없었어 굳이
유행이 돌고 돌아도 난 그 틀에 없어 이미
I wanna break I wanna kick
뛰어 놀래 시끄럽게
다채로운 매력 수많은 변칙 위에 더 빛을 발하지

답답한 건 벗어 던져
고개 숙일 필요 없어 

Imma baddie baddie baddie
Pretty little risky baddie
뭐든 될 대로 되라지 Catch me if you can 
Baddie baddie baddie
나는 없어 거기 이미
어차피 못 찾을 테니 Catch me if you can

And the fit pop like bubblegum
내 판단을 믿어 난 
할말도 많아 참
모자이크 없이 Spit it out
난 즐겨 이 troublesome
그 누구도 Can't bite me
원한다면 Come try me
언제든 You're invited
난 thriller 속 villain
생각할 시간에 저지르는 게 my motto

Imma baddie baddie baddie 
Pretty little risky baddie
뭐든 될 대로 되라지 Catch me if you can
Baddie baddie baddie
앞 다퉈 내 길을 막지
가뿐히 날아 오를 테니 Catch me if you can

Imma baddie baddie baddie
어딜 그리 바삐 가니
뭐든 될 대로 되라지 Catch me if you can
Baddie baddie baddie
나는 없어 거기 이미
어차피 못 찾을 테니 Catch me if you can

Imma baddie baddie baddie
어딜 그리 바삐 가니
뭐든 될 대로 되라지 Catch me if you can
Baddie baddie baddie
나는 없어 거기 이미
어차피 못 찾을 테니 Catch me if you can]"
2,20148657,IVE (아이브),4091551,I'VE MINE,6216911,Either Way,2023.10.13,IVE (아이브),"[누가 내 말투가 재수없대
잘난 척만 한대
또 누구는 내가 너무 착하대
바보같을 정도래

가끔은 이해조차 안 되는 시선들
억울하기도 하지만 
오해가 만든 수많은 나와 얘기해
우리 모두 다 '나'야

Either way, I'm good
전부 좋다구
누가 맞고 틀린 게 아닌 걸
모두 다르게 사랑하듯
Either way, I'm good
Either way

내게는 언니같은 친구인데
어리광이 심하대
털털한 줄 알았던 저 아이는
마음이 넘 약한 걸

쟤 I 라서 그래 넌 E 라서 그래
됐고 그냥 V 나 하자
 
Either way, you're good
전부 좋다구
누가 맞고 틀린 게 아닌 걸
모두 다르게 사랑하듯
Either way, you're good
Either way

I, I, I 또다른 나
나, 나, 나

누가 맞고 틀린 게 아닌 걸
모두 다르게 살아가 듯
전부 좋다구
사랑과 미움

모두 다 가지면 되는 거야
하나만 고를 필요 없는 거야

Either way, we're good
웃어주자구 우후후
이렇게]"
3,20148657,IVE (아이브),4091551,I'VE MINE,6218219,Holy Moly,2023.10.13,IVE (아이브),"[난 어렸을 때 내가 조금 특별하다 믿었어
가끔 사람 맘을 조종하는 묘한 힘이 있다고
꽤나 평범했던 어느 날 
널 본 순간 So slow
점점 빨라지는 심장소리 
동공은 확 커졌어

잘 봐, 
이런 장면 내가 놓칠 것 같애?
절대 never 재능을 더 발휘해
해볼까 Trust me
오랜만에 널 향해

'셋을 세면 돌아본다'
Oh---- holy moly
'셋을 세면 걸어온다'
Oh---- holy moly

아직 먹히네
Supernatural thing 
내가 뭐랬어?
This is what I have
방금 이건 꼭 비밀로 해줘
No, no, don't do that
소문나면 피곤해

Something special 분명 우리 사이엔
뭔가 있어 설명할 순 없는데
집중해 다시
멀어지는 널 향해

'셋을 세면 돌아본다'
Oh---- holy moly
'셋을 세면 걸어온다'
Oh---- holy moly
'셋을 세면 마주친다'
Oh---- holy moly
'셋을 세면 나를 본다'
Oh---- holy moly

Oops, 나는 벌써 네가 좋은 것 같애 
그렇다고 우쭐해서는 안돼
오늘 내 맘이
그렇단 것뿐야 babe yeah

'넌 셋을 세면 돌아본다'
Oh---- holy moly
'셋을 세면 걸어온다'
Oh---- holy moly
'셋을 세면 마주친다'
Oh---- holy moly
'셋을 세면 나를 본다'
Oh---- holy moly

'셋을 세면 빠져든다'
holy moly]"
4,20148657,IVE (아이브),4091551,I'VE MINE,6218220,OTT,2023.10.13,IVE (아이브),"[왜 그럴까
넌 또 배시시 웃어
어질어질 정신도 못 차리게
분명 모를 거야 넌
헤아릴 틈도 없어
I think I'll fall in love with you OTT

I got no time to think 1분 1초도 
I like what I like 내 느낌 그대로 
I got no time to think 
I like what I like
I think I'll fall in love with you 
OTT

과한 듯 해
그렇다 해도 상관 없는듯 해
나 어떡해 너는 way too good
넌 내 맘 알까
내 맘은 뭘까
I'll just follow my heart heart 

이 기분 뭘까 마치
숨 가빠 So exhausted
더는 나 못 참겠어
Help help me now

왜 그럴까
넌 또 배시시 웃어
어질어질 정신도 못 차리게
분명 모를 거야 넌
헤아릴 틈도 없어
I think I'll fall in love with you OTT

I got no time to think 1분 1초도 
I like what I like 내 느낌 그대로 
I got no time to think 
I like what I like
I think I'll fall in love with you 
OTT

너한텐 적당히가 안되더라 난
니 앞에서면 선을 훌쩍 넘어가버려 다
날 말려봐 누가 
어쩜 이럴 수가
숨 가빠 exhausted

더는 나 못 참겠어
Help help me now

왜 이럴까
넌 또 날 보며 웃어
순식간에 너로 나를 물들여
나를 어쩌면 좋지
말해줘 너도 좋지
I think I'll fall in love with you OTT

넘치는 듯 해도
체하진 않게 
지나친 듯해도
진하진 않게 
넘치는 듯 해도
지나친 듯 해도
I think I'll fall in love with you
OTT]"
5,20148657,IVE (아이브),4091551,I'VE MINE,6218221,Payback,2023.10.13,IVE (아이브),"[이른 아침 해와 시작되는 내 꿈
울려대는 알람은 기분 좋은 tune
우리 앞에 펼쳐질 아름다운 view
깊이 보기 위해 크게 참은 숨

있어줄 거야 너의 곁에
날 기다리는 너를 위해
너만 있음 만족해

오직 널 위한
너만에 의한
Sweetest melody 

그러니까 함부로
날 아프게 아프게 하지마 How dare 
네 맘을 숨기고 아닌 척 해봐도 소용없어 
벌써 이미
낯선 감정 나를 향해 흐르니

Ah 눈을 감아 가볍게
잘 들어봐 그렇게
Ah 눈을 떠봐 네 앞에
'Cause I'd always think of you

사랑은 쉽게 변하지
사람은 쉽게 안 변해
내 맘을 꺼내 보여주면
사랑에 정의가 바뀔 걸
겨울에 핀 flower
추위를 맞서 싸워
너만 있음 난 okay

오직 널 위한
너만에 의한
Sweetest melody 

그러니까 함부로
날 아프게 아프게 하지마 How dare 
네 맘을 숨기고 아닌 척 해봐도 소용없어 
벌써 이미
낯선 감정 나를 향해 흐르니

Ah 눈을 감아 가볍게
잘 들어봐 그렇게
Ah 눈을 떠봐 네 앞에
'Cause I'd always think of you

Winter's coming 
You better get going
어디도 없어
내가 있을 곳
네가 있는 거기
When I feel lonely
필요해 오직 
네 웃음 소리

그러니까 함부로
날 아프게 아프게 하지마 How dare 
네 맘을 숨기고 아닌 척 해봐도 소용없어 
벌써 이미
낯선 감정 나를 향해 흐르니

Ah 눈을 감아 가볍게
잘 들어봐 그렇게
Ah 눈을 떠봐 네 앞에
'Cause I'd always think of you]"
6,20148657,IVE (아이브),4088804,I WANT,6207021,I WANT,2023.07.13,IVE (아이브),"[예이예이예 음
시끄럽게 쌓인 생각은 접어
두근대는 리듬 즐겨 like festa
가장 좋아하는 운동화를 신고
숨차게 달려봐

대체 누가 뭐가 그리 답답한데?
원래 내일 걱정 따윈 내일모레
일어나 지도 않은 일은 몰라도 돼
그게 더 fun해

한껏 즐겨볼래 매일이 Festa
금세 짜릿하게 기분이 Up yeah
상쾌한 color마음에 파랗게 물들고 있어 

시끄러운 도심도 나의 무대
두근대는 리듬 즐겨 like festa
감각들을 전부 깨워줄 순간
더 높이 뛰어봐 (oh –)

하고 싶은 건 다 해도 돼
더 실컷 소리쳐 fun fun하게
가장 좋아하는 표정을 짓고
신나게 웃어봐 

1 더하기 1은 그냥 2인데
뭐를 자꾸 더해 땡, Think again
새까맣게 칠했던 어제에 
별빛을 뿌려

시끄러운 도심도 나의 무대
두근대는 리듬 즐겨 like festa
감각들을 전부 깨워줄 순간
더 높이 뛰어봐 (oh –)

하고 싶은 건 다 해도 돼
더 실컷 소리쳐 fun fun하게
가장 좋아하는 표정을 짓고
신나게 웃어봐 

It's okay to repeat
It's okay to dream
전부 특별해져 you and me, 어느새
It's okay to repeat
It's okay to dream, oh-

멈출 수 없는 이 시작을 즐겨
가장 좋아하는 색깔을 골라
감각들을 전부 깨워줄 순간
느껴봐 my festa (oh -)

하고 싶은 건 다 해도 돼
더 실컷 소리쳐 fun fun하게
가장 좋아하는 표정을 짓고
신나게 웃어봐 

Yeah -]"
7,20148657,IVE (아이브),31696955,WAVE,103048074,WAVE,2023.05.31,IVE (아이브),"[W A V E
I see you're falling deep for me
Baby yes I'm all you'll need
Ride the W A V E
W A V E
I see you're falling deep for me
Baby yes I'm all you'll need
Ride the W A V E
Boy you can come with me
きっと君と私
気付いてる Our love breeze
Ride the W A V E
You gave me chills
まさか私が
Somebody like you
気になっちゃってるから
曖昧なままじゃ嫌 (Yup)
もっと見てみたいわ (Uh huh)
運命の行先
Oh oh oh oh oh oh oh oh oh
夢心地の中へ Come jump in
Oh oh oh oh oh oh oh oh oh
思い通り When the waves crash yeah
バレバレな 恋仕かけは
Please hold back 要らない
全て素直に 言ってくれたらいい
逃さない Timing
もう戻れないや (Uh huh)
妄想現実の合間 (Uh huh)
無限の可能性
Ride the
W A V E
I see you're falling deep for me
Baby yes I'm all you'll need
Ride the W A V E
Boy you can come with me
きっと君と私
気付いてる Our love breeze
Ride the W A V E
Oh oh oh oh oh oh oh oh oh
夢心地の中へ Come jump in
Oh oh oh oh oh oh oh oh oh
思い通り When the waves crash
W A V E
I see you're falling deep for me
Baby yes I'm all you'll need
Ride the W A V E
Boy you can come with me
きっと君と私
気付いてる Our love breeze
Ride the W A V E (Yeah)
W A V E
Everything you do to me
W A V E
It's so hard to believe
曖昧なままじゃ嫌
もっと見てみたいわ
運命の行先
W A V E
I see you're falling deep for me
Baby yes I'm all you'll need
Ride the W A V E
Boy you can come with me
きっと君と私
気付いてる Our love breeze
Ride the W A V E (Yeah)
You gave me chills
まさか私が
Somebody like you
気になっちゃってるから
You gave me chills
まさか私が
Somebody like you
W A V E]"
8,20148657,IVE (아이브),31696955,WAVE,103048192,Classic,2023.05.31,IVE (아이브),"[Show me what you've got
夢を見たいなら
勇敢なものが掴む泡沫
Turn up all the lights
隠す事もないから
DejÀ Vuな Piano
気になってる感覚
瞳を閉じ飛び込むの
いっそ Escape 騒ぐ Common
Chemistry 起こすまで
名前を呼び続けてみて
Shall we begin? いらない論理
確実に Yeah  baby we are classic
始まる Story true romantic
One and only yeah baby we are classic
Classic classic classic
Lights camera action
I'ma pretty little gangster 爪を隠して
近づくほど傷つけるね ごめん
Happy ever after な二人ならば
少しくらいの不安　心地いいくらいだわ
見つめ合い踊るの
きっと前世からの Mission
Chemistry 起こすから
いま私を信じてみて
Shall we begin? いらない論理
革命的に Yeah baby we are classic
幕開く Story true romantic
One and only yeah baby we are classic
Classic classic classic
Lights camera action
Classic classic classic
Lights camera action
Tick tack 上がる体温
描いてみるの New world
遠慮する必要無し
Camera flash I'm a new age classic
圧倒的に Mine mine
Him and I walk the line line
自然と Cinematic
Camera flash I'm a new age classic
I'm completely ready
鮮烈な光 (Completely ready)
偽りようもない
(It's just you and I tonight the night)
Shall we begin? いらない論理
確実に Yeah baby we are classic
始まる Story true romantic
One and only yeah baby we are classic
Classic classic classic
(Shining like diamonds
一緒にいよう Baby we're timeless)
Lights camera action
(Gimme that glamour j'adore mon amour
触れる頬 Ah)
Classic classic classic
(Shining like diamonds 一緒にいよう
Baby we're timeless)
Lights camera action
(Gimme that glamour j'adore mon amour
触れる頬 Ah)
Classic classic classic
Lights camera action]"
9,20148657,IVE (아이브),31696955,WAVE,103048220,After LIKE -Japanese version-,2023.05.31,IVE (아이브),"[ねぇ 見つかんない心
天気のよう変わるの
私さえ迷い込む迷路
(Na na na na na na)
そんなことよりも
完全に君に
堕ちてくるこの足音
(Na na na na na na)
きっと 夢のようで
夢じゃない 確かに
説明できないけど
愛だから
さっきの言葉は
嘘なんかじゃないよ
ただ 好きって訳じゃない
What's after like?
You ou and I I
It's more than like
L 超えて O 超え
I'm yeah yeah yeah
You ou and I I
It's more than like
What's after like?
What's after like?
慎重に 心に
咲く青い花火
太陽より熱いから
(Na na na na na)
もう 上がったり 下がったり
グラフも破天荒
Yeah that's me
(Yeah that's me)
何度もしつこく
聞かないでよ もう
私の長所は
この正直さよ
さっきの言葉は
嘘なんかじゃないよ (Ooh ooh ooh ooh)
ただ 好きって訳じゃない
What's after like?
You ou and I I
It's more than like
L 超えて O 超え
I'm yeah yeah yeah (Yeah yeah)
You ou and I I
It's more than like (What's after like?)
What's after like?
What after like? 心に Strike
今感じたトキメキは Tike
L O 超えて I その先に V E
Only you and I space 止められやしない
私を見て
瞬きすら惜しんで
待ち望んでた 君へ (What's after like?)
L O V E 間に I (What's after like?)
You ou and I I
It's more than like
E 前に V ならえ I
Yeah yeah yeah
You ou and I I
It's more than like (Like like)
What's after like?
You ou and I I
It's more than like
L 超えて O 超え
I'm yeah yeah yeah
You ou and I I
It's more than like (Like like like)
What's after like?
What's after like?]"
10,20148657,IVE (아이브),31696955,WAVE,103048244,LOVE DIVE -Japanese version-,2023.05.31,IVE (아이브),"[Ooh ooh
Yeah
つい気になって でも君も同じ
もう充分よ 追ってるだけのお遊び
我慢出来ない 誘惑と好奇心
妙な二人 どうせ分かるし
Ooh ooh ooh ooh
瞳の向こう
Ooh ooh ooh ooh
隠してるもの
Ooh ooh ooh ooh
Yeah it's so bad it's good
気持ち覗かないと
Narcissistic
My God I love it
互い照らす審判
美しい眼差し
深く落ち
そう君と私と
息止め Love dive
Ooh ooh ooh ooh
La la la la la la la
Ooh ooh ooh ooh
いっそ もっと Love dive
Ooh ooh ooh ooh
Oh perfect sacrifice
Yeah 息止め Love dive
分かったようで 分からない気持ち
だって一瞬で咲くものこそ愛
ちゃんと入って 目で確かめて
来ればいいじゃん 心の深淵へ
Ooh ooh ooh ooh
迷う時間
Ooh ooh ooh ooh
三秒で充分
Ooh ooh ooh ooh
Yeah it's so bad it's good
望むなら飛び込も
Narcissistic
My God I love it
互い照らす審判
美しい眼差し
深く落ち
そう君と私と
息止め Love dive
Ooh ooh ooh ooh
La la la la la la la
Ooh ooh ooh ooh
いっそ もっと Love dive
Ooh ooh ooh ooh
Oh perfect sacrifice
Yeah 息止め Love dive
息止め Love dive (Yes yes) (Yeah)
息止め Love dive (Ooh)
息止め Love dive (Yes yes) (Yeah)
息止め Love dive
Ooh ooh ooh ooh
La la la la la la la
Ooh ooh ooh ooh
いっそ もっと Love dive
Ooh ooh ooh ooh
Oh perfect sacrifice
Yeah 息止め Love dive]"
11,20148657,IVE (아이브),31696955,WAVE,103048263,Take It -Japanese version-,2023.05.31,IVE (아이브),"[Just take it take it
Yeah take it take it (Oh yeah)
Just take it take it (Uh huh)
Yeah eh eh (Take it take it)
ためらわないで Babe (So picky picky)
それじゃnerdのよう Babe (Just take it take it)
駆け引き 足す引く ルーティン Babe
気に入らない、必要ない (I'm sassy sassy)
I I I I I'm so curious
Not not not not too serious
迷わないで　早く (So picky picky)
理屈じゃ語れない (Just take it take it)
隠さないでもう
退屈な冗談は
何度も Panic panic uh
要らないわ
熱い眼差し
牙剥くワタシ
甘い蜜でも触れられはしないよ
Take it take it take it (Just take it take it)
You're stupid stupid (ほら Zuki zuki)
I'm toxic toxic
名前を呼んでも 触れられはしないよ
Picky picky picky (So picky picky)
急に拗ねてるモード (Hey ey yah)
君を引っ掻いちゃう (Hey ey yah)
秘密の鋭いネイル　バレちゃうね
気に障るの　君が (Hey ey yah)
I I I I I'm so curious
Not not not not too serious
迷わないで　早く (So picky picky)
理屈じゃ測れない No way
隠さないでもう
退屈な冗談は
何度も Panic panic uh
要らないわ
熱い眼差し
牙剥くワタシ
甘い蜜でも触れられはしないよ
Take it take it take it (Just take it take it)
You're stupid stupid (ほら Zuki zuki)
I'm toxic toxic
名前を呼んでも 触れられはしないよ
Picky picky picky (So picky picky)
可愛い猫ちゃんみたい?
惚れ惚れ頭撫でて
完全騙される
ジリジリやきもき
Go or stop? Ooh la la
彷徨かせないで
退屈な冗談は
何度も Panic panic uh
要らないわ
行く先は分からない
熱い眼差し
牙剥くワタシ
甘い蜜でも触れられはしないよ
Take it take it take it (Just take it take it)
You're stupid stupid (ほら Zuki zuki)
I'm toxic toxic
名前を呼んでも 触れられはしないよ
Picky picky picky (So picky picky)]"
12,20148657,IVE (아이브),31652771,WAVE,102883735,WAVE,2023.05.09,IVE (아이브),"[W A V E
I see you're falling deep for me
Baby yes I'm all you'll need
Ride the W A V E
W A V E
I see you're falling deep for me
Baby yes I'm all you'll need
Ride the W A V E
Boy you can come with me
きっと君と私
気付いてる Our love breeze
Ride the W A V E
You gave me chills
まさか私が
Somebody like you
気になっちゃってるから
曖昧なままじゃ嫌 (Yup)
もっと見てみたいわ (Uh huh)
運命の行先
Oh oh oh oh oh oh oh oh oh
夢心地の中へ Come jump in
Oh oh oh oh oh oh oh oh oh
思い通り When the waves crash yeah
バレバレな 恋仕かけは
Please hold back 要らない
全て素直に 言ってくれたらいい
逃さない Timing
もう戻れないや (Uh huh)
妄想現実の合間 (Uh huh)
無限の可能性
Ride the
W A V E
I see you're falling deep for me
Baby yes I'm all you'll need
Ride the W A V E
Boy you can come with me
きっと君と私
気付いてる Our love breeze
Ride the W A V E
Oh oh oh oh oh oh oh oh oh
夢心地の中へ Come jump in
Oh oh oh oh oh oh oh oh oh
思い通り When the waves crash
W A V E
I see you're falling deep for me
Baby yes I'm all you'll need
Ride the W A V E
Boy you can come with me
きっと君と私
気付いてる Our love breeze
Ride the W A V E (Yeah)
W A V E
Everything you do to me
W A V E
It's so hard to believe
曖昧なままじゃ嫌
もっと見てみたいわ
運命の行先
W A V E
I see you're falling deep for me
Baby yes I'm all you'll need
Ride the W A V E
Boy you can come with me
きっと君と私
気付いてる Our love breeze
Ride the W A V E (Yeah)
You gave me chills
まさか私が
Somebody like you
気になっちゃってるから
You gave me chills
まさか私が
Somebody like you
W A V E]"
13,20148657,IVE (아이브),4084947,I've IVE,6195811,Blue Blood,2023.04.10,IVE (아이브),"[Time's up 설명할 시간 없어
내 손을 잡아 어서
널 나에게 맡겨줘
Real live 바람을 타고 번져
시작은 작은 불꽃
타올라 뜨거워
우린 저 멀리 먼 곳까지
뛰어봐 더 숨이 찰 때까지
열정 혹은 냉정 사이
이런 나를 감당할 수 있니?
What's your blood type? Oh you?
I'm blue
Yeah what's your blood type? Oh you?
I'm blue
이 고귀한 마음에 흐르는 기품
Yeah what's your blood type? Oh you?
I'm blue blue blue
물불 안 가리고 흠뻑
뛰어들어 적셔
나의 이 색깔로
잊지 마 나는 다 가져야 돼
웃지 마 긴장해 다
들어봐 거친 파도 소리
느껴봐 내 심장 박동 소리
달아오른 이 분위기
멈추지 마 해가 뜰 때까지
What's your blood type? Oh you?
I'm blue
Yeah what's your blood type? Oh you?
I'm blue
이 고귀한 마음에 흐르는 기품
Yeah what's your blood type? Oh you?
I'm blue blue blue
I'm blue blue blue
What's your blood type? Oh you?
넌 Blue
Yeah what's your blood type? Oh you?
넌 Blue
그 뜨겁고 투명한 마음은 넌 Blue
Yeah what's your blood type? Oh you?
넌 Blue blue blue]"
14,20148657,IVE (아이브),4084947,I've IVE,6195812,I AM,2023.04.10,IVE (아이브),"[다른 문을 열어 따라 갈 필요는 없어
넌 너의 길로 난 나의 길로 음
하루하루마다 색이 달라진 느낌
밝게 빛이 나는 길을 찾아
I'm on my way 넌 그냥 믿으면 돼
I'm on my way 보이는 그대로야
너는 누군가의 Dreams come true
제일 좋은 어느 날의 데자뷰
머물고픈 어딘가의 낯선 뷰
I'll be far away
That's my
Life is 아름다운 갤럭시
Be a writer 장르로는 판타지
내일 내게 열리는 건 Big big 스테이지
So that is who I am
Look at me
Now
어제랑 또 다른 짜릿한 나
두려운 모든 게 설레이게
I'm in sky high OMG
사소한 건 다 아득해져 와
Look at me now
I'm on fire
I'm on my way 넌 그냥 믿으면 돼
I'm on my way 보이는 그대로야
너는 누군가의 Dreams come true
제일 좋은 어느 날의 데자뷰
머물고픈 어딘가의 낯선 뷰
I'll be far away
That's my
Life is 아름다운 갤럭시
Be a writer 장르로는 판타지
내일 내게 열리는 건 Big big 스테이지
So that is who I am
어느 깊은 밤 길을 잃어도
차라리 날아올라 그럼 네가
지나가는 대로 길이거든
1 2 3
Fly up
I hope you'd be someone's
Dreams come true
제일 좋은 어느 날의 데자뷰
머물고픈 어딘가의 낯선 뷰
I'll be far away
That's my
Life is 아름다운 갤럭시
Be a writer 장르로는 판타지
내일 내게 열리는 건 Big big 스테이지
So that is who I am]"
15,20148657,IVE (아이브),4084947,I've IVE,6194446,Kitsch,2023.04.10,IVE (아이브),"[It's our time 우린 달라 특별한 게 좋아
Oh What a good time 
난 잘 살아 내 걱정은 낭비야
네가 보낸 DM을 읽고 나서 답이 없는 게
내 답이야 (That's my style)

OOTD 하나까지 완전 우리답지
My favorite things 그런 것 들엔 좀
점수를 매기지 마
난 생겨 먹은 대로 사는 애야, 뭘 더 바래 
That's my style (That's my style)

우리만의 자유로운 nineteen's kitsch
지금까지 한적 없는 custom fit
올려 대는 나의 feed엔 like it 
홀린 듯이 눌러 모두 다 like it
내가 추는 춤을 다들 따라 춰
매일 너의 알고리즘에 난 떠
걷잡을 수 없이 올라 미친 score
그 누구도 예상 못할 nineteen's kitsch

우리만의 자유로운 nineteen's kitsch
우리-우리만의 자유로운 nineteen's kitsch
우리만의 자유로운 nineteen's kitsch
우리-우리만의 자유로운 nineteen's kitsch
kitsch kitsch kitsch kitsch kitsch kitsch kitsch
우리만의 자유로운 nineteen's kitsch 
우리-우리만의 자유로운

달콤한 말, 뒤에 숨긴 너의 의도대로
따라가진 않을 거야 난 똑똑하니까
난 절대 끌리지 않는 것에 끌려가지 않아 
That's my style (That's my style) 

우리만의 자유로운 nineteen's kitsch
지금까지 한적 없는 custom fit
올려 대는 나의 feed엔 like it 
홀린 듯이 눌러 모두 다 like it
내가 추는 춤을 다들 따라 춰
매일 너의 알고리즘에 난 떠
걷잡을 수 없이 올라 미친 score
그 누구도 예상 못할 nineteen's kitsch

우리만의 자유로운 nineteen's kitsch
우리-우리만의 자유로운 nineteen's kitsch
우리만의 자유로운 nineteen's kitsch
우리-우리만의 자유로운 nineteen's kitsch
kitsch kitsch kitsch kitsch kitsch kitsch kitsch
우리만의 자유로운 nineteen's kitsch 
우리-우리만의 자유로운

Yah 모두 주목해
내가 좋아하는 것만 하면 뭐 어때 huh
This ain't ur life
쓸데없는 생각 따위 Go away
답답한 이 세상 앞엔 멋대로 할래
YOLO! Say no! 너의 길을 가 now
잔소리는 Quite down
이제 그만 Peace out

우리만의 자유로운 nineteen's kitsch
지금까지 한적 없는 custom fit
올려 대는 나의 feed엔 like it 
홀린 듯이 눌러 모두 다 like it
내가 추는 춤을 다들 따라 춰
매일 너의 알고리즘에 난 떠
걷잡을 수 없이 올라 미친 score
그 누구도 예상 못할 nineteen's kitsch

우리만의 자유로운 nineteen's kitsch
우리-우리만의 자유로운 nineteen's kitsch
우리만의 자유로운 nineteen's kitsch
우리-우리만의 자유로운 nineteen's kitsch
kitsch kitsch kitsch kitsch kitsch kitsch kitsch
우리만의 자유로운 nineteen's kitsch 
우리-우리만의 자유로운
nineteen's kitsch]"
16,20148657,IVE (아이브),4084947,I've IVE,6195813,Lips,2023.04.10,IVE (아이브),"[Lights out 잠 못 드는 밤
이런 날도 몇 번짼지
No doubt I know you lie
언제나 사랑은 어렵지
망설이지마 어때? 솔직한 게 좋은데
투명한 네 맘이 다 보여
난 거짓말을 잘 못해 솔직한 것뿐인데
한순간 네 맘을 뺏지
뭘 자꾸 고민하고 있어?
꼭 다문 Lips 사이 달콤한 그 말이
(My lips don't lie)
새어 나오고 있어
꼭 간직한 맘이 너를 본 그 순간
(My lips don't lie)
Uh Ohhh
On me on me on me baby
Uh Ohhh
I'll be I'll be I'll be honest
Uh Ohhh
Got me got me got me like woo
Uh Ohh Oh
Okay 네게 점점 가까워
위태로운 기분 재밌어
기대해 우리 사이 바뀔 Today wo0o0o0o
Lala
나랑 같이 걸을까? 내일 봐
알아 나도 좋아 뭘 재고 있어 이제 그만
망설이지마 어때? 솔직한 게 좋은데
투명한 네 맘이 다 보여
난 거짓말을 잘 못해 솔직한 것뿐인데
한순간 네 맘을 뺏지
뭘 자꾸 고민하고 있어?
꼭 다문 Lips 사이 달콤한 그 말이
(My lips don't lie)
새어 나오고 있어
꼭 간직한 맘이 너를 본 그 순간
(My lips don't lie)
Uh Ohhh
On me on me on me baby
Uh Ohhh
I'll be I'll be I'll be honest
Uh Ohhh
Got me got me got me like woo
Uh Ohh Oh
입안 가득 녹은 Feeling
달콤한 노랠 불러줘
내 예쁜 입술은 네게만
사랑을 말해 I love it yeah
뭘 자꾸 고민하고 있어?
꼭 다문 Lips 사이 달콤한 그 말이
(My lips don't lie)
새어 나오고 있어
꼭 간직한 맘이 너를 본 그 순간
(My lips don't lie)
Uh Ohhh
On me on me on me baby
Uh Ohhh
I'll be I'll be I'll be honest
Uh Ohhh
Got me got me got me like woo
Uh Ohh Oh
My lips don't lie
꼭 닿을 듯 말듯 가까운 Lips 사이
My lips don't lie]"
17,20148657,IVE (아이브),4084947,I've IVE,6195814,Heroine,2023.04.10,IVE (아이브),"[감은 두 눈 위 스쳐간 검은 기억들
날 쏘아보며 버티는 날 서 있는 말들
But ooh 두렵기도 한 맘 한 켠은
Ooh 흔적 하나없이 사라져
견뎌낼 수 있어 다가와봐
Cause I am the
Heroine 이 세상 속에
Heroine 단 하나뿐인
그쯤 시련도 필요해 내겐 Necessary
그깟 상처론 어림없어 Nah I don't care it
(Ooh nananana)
어쩔 수 없지 나는
(Ooh nananana)
어쩔 수 없지 나는
(Ooh nananana)
어쩔 수 없지 나는
Cause I'm the one and only
너의 맘에 들지 않는 그런 나인데
눈빛 손짓 말투 하나 맘에 들겠어
But ooh 괜찮아 바꿀 생각 없어
Ooh 맘 가는 대로 할래 Cause I'm
The
Heroine 이 세상 속에
Heroine 단 하나뿐인
그쯤 시련도 필요해 내겐 Necessary
그깟 상처론 어림없어 Nah I don't care it
해로운 존재 하나에
괴로운 내가 아니야
필요했어 시련 또는 그런 빌런 하나
신경 쓰지 않아 맘껏 떠들어봐 Let go
(Ooh nananana)
어쩔 수 없지 나는
(Ooh nananana)
어쩔 수 없지 나는
(Ooh nananana)
어쩔 수 없지 나는
Cause I'm the one and only
착각은 마 Hey
이 스토린 그저 나를 위한 것뿐
네게 하고픈 말은 그저 하나
Don't know if you know it but
You are silly silly silly silly silly
Oh Did I say it out loud
(Ooh nananana)
어쩔 수 없지 나는
(Ooh nananana)
어쩔 수 없지 나는
(Ooh nananana)
어쩔 수 없지 나는
Cause I'm the one and only
(Ooh nananana)
어쩔 수 없지 나는
(Ooh nananana)
어쩔 수 없지 나는
(Ooh nananana)
어쩔 수 없지 나는
Cause I'm the one and only]"
18,20148657,IVE (아이브),4084947,I've IVE,6195815,Mine,2023.04.10,IVE (아이브),"[사랑보단 나 너 보단 Me
It's for sure 근데 널 보면
초코 라떼 위에 마쉬멜로처럼
대체 뭐야 네 멋대로 넌
내 맘에 들어온 거니
안되겠어 이제 그 문을 닫을 거야
No no doubt in my mind 분명
특별한 널 내 맘속에
Making you mine Making you mine
온전한 널
Making you mine Making you mine
갖고 싶어
너 너 모르겠니 분명
특별한 널 내 맘속에
Lock in my mind Lock in my mind
조금씩 널
Lock in my mind Lock in my mind
가질 거야
넘쳐나는 Pros 난 없어 Cons
It's for sure 근데 널 보면
한 입 베어 물은 코튼 캔디처럼
빛나는 soul So suddenly
알고 싶어 또 궁금해
함부로 못 나가 내 맘에 들어온 너
Ah mine
No no doubt in my mind 분명
특별한 널 내 맘속에
Making you mine Making you mine
온전한 널
Making you mine Making you mine
갖고 싶어
너 너 모르겠니 분명
특별한 널 내 맘속에
Lock in my mind Lock in my mind
조금씩 널
Lock in my mind Lock in my mind
가질 거야
빛나는 soul So suddenly
알고 싶어 또 궁금해
함부로 못 나가 내 맘에 들어온 너
Ah mine
사랑보단 나 너 보단 Me
It's for sure 근데 널 보면
달콤한 꿈꾸는 어린아이처럼
No no doubt in my mind 분명
특별한 널 내 맘속에
Making you mine Making you mine
온전한 널
Making you mine Making you mine
갖고 싶어
너 너 모르겠니 분명
특별한 널 내 맘속에
Lock in my mind Lock in my mind
조금씩 널
Lock in my mind Lock in my mind
가질 거야
Making you mine Making you mine
가질 거야]"
19,20148657,IVE (아이브),4084947,I've IVE,6195816,섬찟 (Hypnosis),2023.04.10,IVE (아이브),"[집중해 눈 감고 다음 순간
머릿속을 맴도는 Merry go round
무의식 속으로 Fallin' down
단숨에 빠져들지
거짓말 같은 건 안 통하지
그래 솔직히 모든 걸 뱉어 Yeah
온몸에 소름이 돋아나
사랑이라는 느낌은 섬찟
심장이 막 터질 듯 Pumping
보기 좋게 들켰네 그치?
머릿속이 띵 해진 느낌 Ah
섬찟
새어 나와 웃음이 피식
내 촉은 틀린 적 없지
지금 너의 기분은 어때 Ah
섬찟
섬찟
의식을 되찾은 그 순간
가볍게 날 털어내? 얘 좀 봐라
귀여운 장난은 끝이야
넌 잘못 골랐어 날
애매한 태도는 여기까지
감히 마다해 날 I li like it yeah
오히려 나에겐 잘 됐나
잔뜩 괴롭혀줄게
안갯속의 Voice ah
갈림길 넌 Choice
사랑이라는 느낌은 섬찟
심장이 막 터질 듯 Pumping
보기 좋게 들켰네 그치?
머릿속이 띵 해진 느낌 Ah
섬찟
새어 나와 웃음이 피식
내 촉은 틀린 적 없지
지금 너의 기분은 어때 Ah
섬찟
섬찟
Look in my eyes
짜릿하게 느껴진 너의 시선 Archive
I don't need your lie
숨길 수 없는 네 마음은 내게로 Dive
너는 멈칫 빠져드는 몸짓
이제 알잖아 사랑이란 건
섬찟
Yeah 위태로움 속 Survive
기어코 내게 와 날 엉망으로 만들어 놔
그건 섬찟
I la la la la like it
난 두렵고 미칠 거 같은 기분이야 감히]"
20,20148657,IVE (아이브),4084947,I've IVE,6195817,NOT YOUR GIRL,2023.04.10,IVE (아이브),"[Okay
Let's go
Let's play girls
Na na na na Not your girl
Na na na na Not your girl
Oh let's go
아찔한 순간 말해줘
참지 말고 날 불러줘
Ooh ooh 내 이름을 (Shout out my name)
나와 눈이 마주치고
내 진심을 느끼면
더 뛰어 뛰어 널 볼 수 있게 (널 볼 수 있게)
Hey you 우리 기분 So fine
나를 안아봐 세게 누구보다
You 분위기 high That's right
알잖아 내 태도
한 순간 꿈처럼 끝나지 않게 너의
제일 가까운 곳에 지금 내가 있어
까만 밤이라도 좋아 Baby
조명 없다 해도 좋아 Baby
난 항상 빛나니까
더 가까이 와 날 느껴봐
뛰어봐 더 높이 소리쳐 더 크게
오늘이 지나면 안 돼
오늘은 오늘 뿐 오늘 제일 예쁨
Na na na na Not your girl
Na na na na Not your girl
어디 한 번 뺏어봐
Na na na na Not your girl
Na na na na Not your girl
오직 오늘 뿐 오늘 제일 예쁨
I'm not your girl
지금이야
내게 빠져 버리기 전에
Do or not
난 언제나 빛이나 Bling 하고
어서 와 뛰어봐 Cling 해줘
나의 전부 모두 네게 줄게
네 꿈을 내게 보여줄래
지금 아직 감동 안 했어 난
날 너에게 좀더 빠져들게 해줘
이 노래가 더욱 길어질 수 있게
막이 내리기 전에 Baby
오늘이 지나기 전에 Baby
난 너무 바쁘니까
더 가까이 와 날 느껴봐
뛰어봐 더 높이 소리쳐 더 크게
오늘이 지나면 안 돼
오늘은 오늘 뿐 오늘 제일 예쁨
Na na na na Not your girl
Na na na na Not your girl
어디 한 번 뺏어봐
Na na na na Not your girl
Na na na na Not your girl
오직 오늘 뿐 오늘 제일 예쁨
어제의 일이 꿈 같았다는 것 보다
뛰어 더 더 더 더 더
소리쳐 어 어 어 어 어
이 순간을 가져가줘
더 가까이 와 날 느껴봐
뛰어봐 더 높이 소리쳐 더 크게
내일 밤 난 여기 없어
오늘은 오늘 뿐 오늘 제일 예쁨
Na na na na Not your girl
Na na na na Not your girl
어디 한 번 뺏어봐
Na na na na Not your girl
Na na na na Not your girl
오직 오늘 뿐 오늘 제일 예쁨]"
21,20148657,IVE (아이브),4084947,I've IVE,6195818,궁금해 (Next Page),2023.04.10,IVE (아이브),"[Baby 난 이 다음이 다음이 궁금해
Oh I love you so I love you so
Baby 우리 마음이 마음이 만난 다음
그 뒷얘기는 뭘까
너와 내 손이 닿은 그 순간 Uahah
시작 되었던 우주 어디까지 가볼까
너의 맘 속에 녹아 든 순간 Uahah
깊은 잠에 빠진 듯 깨고 싶지 않은 꿈
Hey 너의 모든 것을 설명 하진 말아
난 그저 널 천천히 알아가고 싶어 Baby
아무도 몰라 뒷페이진 그렇기에 I'm afraid
But I don't want to be afraid
오직 너와 나만이 쓰여지니
발자국 하나 없는 곳 새하얀 눈이 핀 곳
다음으로 Get set go 우리의 계절이 시작해
Baby 난 이 다음이 다음이 궁금해
Oh I love you so I love you so
Baby 우리 마음이 마음이 만난 다음
이어질 다음 얘긴 뭘까?
한 권 두 권 예쁜 책처럼 채워 질까
너와 나의 다음 이야기
다른 차원의 세상에 가면 Uahah
너와 나의 미래를 알 수 있지 않을까
오해하진 마 하지만
두려운 건 사실이야 달콤한 이 하루가
Hey 너의 모든 것이 너무 좋은 탓에
난 현실을 깨면 꿈일까봐 무서워 Baby
널 본 순간에 느꼈지 두근거려 내 맘이
어떻게 표현 해야 할지
나도 모르겠어 네 맘이
놓치기 싫어 이 순간 내가 되고 싶어 Only one
솔직하게 보여줘
이제는 You just gotta tell me now
Hey
Baby 난 이 다음이 다음이 궁금해
Oh I love you so I love you so
Baby 우리 마음이 마음이 만난 다음
이어질 다음 얘긴 뭘까?
바라볼 수록 깊어지기를
어떤 바람 어떤 파도 앞에 있어도
내일이 아닌 먼 미래가 더
기대 할 수 기다릴 수 있게 해줘
Baby 난 이 다음이 다음이 궁금해
Baby 난 이 다음이 다음이 궁금해
Oh I love you so I love you so
Baby 너의 맘에 맘에 잠긴 다음
이어질 다음 얘긴 뭘까?
Can I make you mine?
Can I make you mine?
Wanna hold you Wanna hug you
Come on tell me]"
22,20148657,IVE (아이브),4084947,I've IVE,6195819,Cherish,2023.04.10,IVE (아이브),"[나로 가득했던 selfie
난 너도 알다시피 selfish
멋대로인 게 좋으니까
근데 이런 날 흔든 너야
내 안에 핀 이 설렘 만족해
나 말곤 관심 없던 나인데
널 보면 왠지 자꾸 두근대
조심해 널 위한 warning
망설임 없어 난 all in
다가 와 이리 넌 날 봐 이미
I’m gonna cherish you
완벽한 케미 알게 해줄 테니
I’m gonna cherish you
너를 좋아하는 나, 어때?
제멋대로지만 뭐 어때
기다리잖아 고민하지 마
완전 솔직한 나, 넌 어때?
믿기지 않겠지만 널 원해
넌 그냥 나에게로 오면 돼
이기적이지만 말야
거짓말 안 하는 나야
You know 내가 정말 널 좋아해
완벽한 케미 알게 해줄 테니
I’m gonna cherish you
너를 좋아하는 나, 어때?
제멋대로지만 뭐 어때
기다리잖아 고민하지 마
완전 솔직한 나, 넌 어때?
Baby Love me now
Love me Love me Love me now (Yeah, cherish)
Baby Love me now
Love me Love me Love me now (Yeah, cherish)
Baby Love me now
Love me Love me Love me now (Yeah, cherish)
Baby Love me now
Love me Love me Love me now (Yeah, cherish)
나로 가득했던 selfie
난 너도 알다시피 selfish
멋대로인 게 좋으니까
근데 이런 날 흔든 너야
너랑 찍고 싶은 selfie
난 그래도 여전히 selfish
내가 쉽지는 않겠지만
원한다면 주저하지 마
더 다가 와 이리 넌 날 봐 이미
I’m gonna cherish you
완벽한 케미 알게 해줄 테니
I’m gonna cherish you
너를 좋아하는 나, 어때?
제멋대로지만 뭐 어때
기다리잖아 고민하지 마
완전 솔직한 나, 넌 어때?
Baby Love me now
Love me Love me Love me now (Yeah, cherish)
Baby Love me now
Love me Love me Love me now (Yeah, cherish)
Baby Love me now
Love me Love me Love me now (Yeah, cherish)
Baby Love me now
Love me Love me Love me now (Yeah, cherish)]"
23,20148657,IVE (아이브),4084947,I've IVE,6195820,Shine With Me,2023.04.10,IVE (아이브),"[Used to cry
Used to cry
우리 처음 만난 추웠던 December
버틸 수 없게 세상은 시렸고
언제 생긴지 모를 이 상처들을
혼자 위로하고 알아주던 쯤
그 날은 So magical so magical
그래 넌 Angelical angelical
구름을 벗어버린 저 태양처럼
나를 환하게 비추고 있던 너
I used to cry
울고 싶지 않아 괜찮은 척 웃으며
널 본 순간 깜깜했던 밤이 빛이 나기 시작해
어둠 속에 감춘 내 눈물도
네 빛 앞에선 모든 게 다
I used to cry
네가 보낸 한 줄 '사랑해'를 보면서
Shine with me
Shine with me
우리 함께한 뜨거웠던 그 Summer
눈이 부시게 세상은 빛났고
나의 오늘 또 내일 웃게 해준 너
고마운 건 항상 나였는데 말야
그 날은 So magical so magical
그래 넌 Angelical angelical
영원히 변치 않는 저 태양처럼
늘 그 자리에 그대로 있던 너
I used to cry
울고 싶지 않아 괜찮은 척 웃으며
널 본 순간 깜깜했던 밤이 빛이 나기 시작해
어둠 속에 감춘 내 눈물도
네 빛 앞에선 모든 게 다
I used to cry
네가 보낸 한 줄 '사랑해'를 보면서
Oh Shine with me 넌 나와 눈부시게
Oh Shine with me 난 너와 빛이 나게
영원히 Ever 조금 더 Better
너만을 Remember
영원히 Ever 조금 더 Better
너만을 Remember
I used to cry
울고 싶지 않아 괜히 창 밖을 보며
널 본 순간 깜깜했던 밤이
빛이 나기 시작해
어둠 속에 감춘 내 눈물도
네 빛 앞에선 모든 게 다
I used to cry
네가 불러주는 내 이름을 들으며
Shine with me
Shine with me]"
24,20148657,IVE (아이브),30536457,LOVE DIVE -Japanese version-,98499274,LOVE DIVE -Japanese version-,2023.01.16,IVE (아이브),"[Ooh ooh
Yeah
つい気になって でも君も同じ
もう充分よ 追ってるだけのお遊び
我慢出来ない 誘惑と好奇心
妙な二人 どうせ分かるし
Ooh ooh ooh ooh
瞳の向こう
Ooh ooh ooh ooh
隠してるもの
Ooh ooh ooh ooh
Yeah it's so bad it's good
気持ち覗かないと
Narcissistic
My God I love it
互い照らす審判
美しい眼差し
深く落ち
そう君と私と
息止め Love dive
Ooh ooh ooh ooh
La la la la la la la
Ooh ooh ooh ooh
いっそ もっと Love dive
Ooh ooh ooh ooh
Oh perfect sacrifice
Yeah 息止め Love dive
分かったようで 分からない気持ち
だって一瞬で咲くものこそ愛
ちゃんと入って 目で確かめて
来ればいいじゃん 心の深淵へ
Ooh ooh ooh ooh
迷う時間
Ooh ooh ooh ooh
三秒で充分
Ooh ooh ooh ooh
Yeah it's so bad it's good
望むなら飛び込も
Narcissistic
My God I love it
互い照らす審判
美しい眼差し
深く落ち
そう君と私と
息止め Love dive
Ooh ooh ooh ooh
La la la la la la la
Ooh ooh ooh ooh
いっそ もっと Love dive
Ooh ooh ooh ooh
Oh perfect sacrifice
Yeah 息止め Love dive
息止め Love dive (Yes yes) (Yeah)
息止め Love dive (Ooh)
息止め Love dive (Yes yes) (Yeah)
息止め Love dive
Ooh ooh ooh ooh
La la la la la la la
Ooh ooh ooh ooh
いっそ もっと Love dive
Ooh ooh ooh ooh
Oh perfect sacrifice
Yeah 息止め Love dive]"
25,20148657,IVE (아이브),19874668,ELEVEN -Japanese version-,95665008,ELEVEN -Japanese version-,2022.10.19,IVE (아이브),"[退屈な眼差し
無表情だったあの日
照らす光 Backing voice
瞳の中は Odd
芽生え咲き乱れてくの Blue
私が抱いてる感情は True
その名前呟くたびにキュン
こっから先はカラフルな暗示
夢にさせて この部屋は Heaven
目が回って でも止まないダンス
Oh my oh my God
君と染める色
ほら One two three four five six seven
You make me feel like eleven
透明な2人の間合い
覗き込んでみた
吸い込まれる Hallow
落ちてゆくの
香り立つ紫の Mood
繰り返し溺れる白昼夢
また私の心を奪う
こっから先はカラフルな暗示
夢にさせて この部屋は Heaven
目が回って でも止まないダンス
Oh my oh my God
君と染める色
ほら One two three four five six seven
You make me feel like eleven (Hey)
(Ah ah ah ah ah ah ah)
私を見てる
君を見つめる (君を見つめる)
Ah yeah ah yeah ah yeah (気付いたなら)
(Ah ah ah ah ah ah ah)
私を見てる
君を見つめる
気付いたなら
Don't say now
焦らないわ
これが堪んないわ
こっから先はカラフルな暗示
(Woah ooh woah ooh woah)
夢にさせて この部屋は Heaven
目が回って でも止まないダンス
Oh my oh my God
君と染める色
ほら One two three four five six seven
You make me feel like eleven
(Ah ah ah ah ah ah ah)
私を見てる
君を見つめる
Ah yeah ah yeah ah yeah
(Ah ah ah ah ah ah ah)
私を見てる
君を見つめる
愛してごらん]"
26,20148657,IVE (아이브),19874668,ELEVEN -Japanese version-,95665099,Queen of Hearts,2022.10.19,IVE (아이브),"[Ah ah ah ah ah ah ah ah ah ah ah ah ah
Ah ah ah ah ah ah ah ah ah
Why? 駆け引きしないで正直に
Just say it to my face
Try本音見せないのは
Game of love黄金律
でもcheapなgimmicじゃ誤魔化せない
クレアボヤンスmy third eye
Pureなココロ Only 嘘は Out of sight
覚えていて
I am the queen of hearts
まるで Piece of art
I am the queen of hearts
虚実の向こうを
見透かすから Attention
小細工ナシ Show me your love I
Yeah I am the queen of hearts
I am the queen of hearts
I am the queen of hearts
Cry涙は Like diamonds
純度が大切なの
Sly 否定はしない
Come all in for love
Don't bet against me
ついて来れる Mood swing
深読みは No
信じてみて
I am the queen of hearts (Queen of hearts yeah)
まるで Piece of art
I am the queen of hearts
虚実の向こうを
見透かすから Attention
小細工ナシ Show me your love I
Yeah I am the queen of hearts
Ah ah ah ah ah ah
I am the queen of hearts
Ah ah ah ah ah ah
I am the queen of hearts]"
27,20148657,IVE (아이브),19414582,ELEVEN -Japanese version-,94405013,ELEVEN -Japanese version-,2022.09.19,IVE (아이브),"[退屈な眼差し
無表情だったあの日
照らす光 Backing voice
瞳の中は Odd
芽生え咲き乱れてくの Blue
私が抱いてる感情は True
その名前呟くたびにキュン
こっから先はカラフルな暗示
夢にさせて この部屋は Heaven
目が回って でも止まないダンス
Oh my oh my God
君と染める色
ほら One two three four five six seven
You make me feel like eleven
透明な2人の間合い
覗き込んでみた
吸い込まれる Hallow
落ちてゆくの
香り立つ紫の Mood
繰り返し溺れる白昼夢
また私の心を奪う
こっから先はカラフルな暗示
夢にさせて この部屋は Heaven
目が回って でも止まないダンス
Oh my oh my God
君と染める色
ほら One two three four five six seven
You make me feel like eleven (Hey)
(Ah ah ah ah ah ah ah)
私を見てる
君を見つめる (君を見つめる)
Ah yeah ah yeah ah yeah (気付いたなら)
(Ah ah ah ah ah ah ah)
私を見てる
君を見つめる
気付いたなら
Don't say now
焦らないわ
これが堪んないわ
こっから先はカラフルな暗示
(Woah ooh woah ooh woah)
夢にさせて この部屋は Heaven
目が回って でも止まないダンス
Oh my oh my God
君と染める色
ほら One two three four five six seven
You make me feel like eleven
(Ah ah ah ah ah ah ah)
私を見てる
君を見つめる
Ah yeah ah yeah ah yeah
(Ah ah ah ah ah ah ah)
私を見てる
君を見つめる
愛してごらん]"
28,20148657,IVE (아이브),4078936,After LIKE,6173112,After LIKE,2022.08.22,IVE (아이브),"[또 모르지 내 마음이
저 날씨처럼 바뀔지
날 나조차 다 알 수 없으니

그게 뭐가 중요하니
지금 네게 완전히
푹 빠졌단 게 중요한 거지

아마 꿈만 같겠지만 분명 꿈이 아니야
달리 설명할 수 없는 이건 사랑일 거야
방금 내가 말한 감정 감히 의심하지 마
그냥 좋다는 게 아냐 What's after 'LIKE'?

You and I
It's more than 'LIKE'
L 다음 또 O 다음 난 yeah
You and I
It's more than 'LIKE'
What's after 'LIKE'?
What's after 'LIKE'?

조심해 두 심장에 핀
새파란 이 불꽃이
저 태양보다 뜨거울 테니

난 저 위로 또 아래로
내 그래프는 폭이 커
Yeah that's me

두 번 세 번 피곤하게 자꾸 질문하지 마
내 장점이 뭔지 알아? 바로 솔직한 거야
방금 내가 말한 감정 감히 의심하지 마
그냥 좋다는 게 아냐 What's after 'LIKE'?

You and I
It's more than 'LIKE'
L 다음 또 O 다음 난 yeah
You and I
It's more than 'LIKE'
What's after 'LIKE'?
What's after 'LIKE'?


What after like 내 맘에 strike
지금 느낀 짜릿함은 마치 tike
LO 다음에 I 그 다음에 VE
여긴 너와 내 space 아무도 막지 못해
나를 보면 눈 깜빡할
시간 조차도 아까울 걸
드디어 만나 반가워
LOVE 사이 놓일 I 
(What's after 'LIKE'?)

You and I
It's more than 'LIKE'
E 앞 또 V 앞 난 yeah
You and I
It's more than 'LIKE'
What's after 'LIKE'?

You and I
It's more than 'LIKE'
L 다음 또 O 다음 난 yeah
You and I
It's more than 'LIKE'
What's after 'LIKE'?
What's after 'LIKE'?]"
29,20148657,IVE (아이브),4078936,After LIKE,6173113,My Satisfaction,2022.08.22,IVE (아이브),"[Let me show ya 날 비추는 빛
기분 좋아 너만의 그 눈빛
가슴 뛰는 설렘 같은 이 느낌

(I know what you say)
어떤 날 좋아하는지
(I can see)
전부 다 보여줄게
(Just right now)
빛이 나는 내게 모두 주목해

Shine on me 난 날 사랑할 뿐야
Crush on me 날 원하게 될 거야
누구보다도 나를 믿어 난 나를 빛나게 해
Look at me now look at me now
Ha ha ha ha ha

매 순간 스스로 확신해
겁내기보단 더 자신해 
두려움 따윈 몰라
언제나 빛나는 너와 날 바래
Come with me right now
Ha ha ha ha

Love myself 날 잃지 않게
Never end 편견 따윈 상관 안 해
너의 두 눈 속에 비친 내게 만족해

(I know what you say)
어떤 날 좋아하는지
(I can see)
전부 다 보여줄게
(Just right now)
빛이 나는 내게 모두 주목해

Shine on me 난 날 사랑할 뿐야
Crush on me 날 원하게 될 거야
누구보다도 나를 믿어 난 나를 빛나게 해
Look at me now look at me now
Ha ha ha ha ha

매 순간 스스로 확신해
겁내기보단 더 자신해 
두려움 따윈 몰라
언제나 빛나는 너와 날 바래
Come with me right now
Ha ha ha ha

Na-na-na-na-na-ma satisfaction
Na-na-na-na-na-ma satisfaction
난 나만의 wannabe
난 날 위한 masterpiece

Na-na-na-na-na-ma satisfaction
Na-na-na-na-na-ma satisfaction
난 나만의 wannabe
난 날 위한 masterpiece

내 안의 자신감이 날 더 비춰
언제나 스스로 빛나
날 의심했던 세상 앞에 보여줄 satisfaction

내 안의 자신감이 날 더 비춰
언제나 스스로 빛나
나를 더 완벽하게 빛나게 할 my satisfaction 

내 안의 자신감이 날 더 비춰
언제나 스스로 빛나
나를 더 완벽하게 빛나게 할 my satisfaction]"
30,20148657,IVE (아이브),4073710,LOVE DIVE,6155955,LOVE DIVE,2022.04.05,IVE (아이브),"[네가 참 궁금해 그건 너도 마찬가지
이거면 충분해 쫓고 쫓는 이런 놀이
참을 수 없는 이끌림과 호기심
묘한 너와 나 두고 보면 알겠지
Woo 눈동자 아래로
Woo 감추고 있는 거
Woo yeah It's so bad It's good
난 그 맘을 좀 봐야겠어
Narcissistic my god I love it
서로를 비춘 밤
아름다운 까만 눈빛 더 빠져 깊이
(넌 내게로 난 네게로)
숨 참고 love dive
Woo lalalalalalala
Woo 어서 와서 love dive
Woo oh perfect sacrifice yeah
숨 참고 love dive
마음은 이렇게 알다가도 모르지
사랑이라는 건 한순간에 필 테니
직접 들어와 두 눈으로 확인해
내 맘 가장 깊은 데로 오면 돼
Woo 망설일 시간은
Woo 3초면 되는 걸
Woo yeah It's so bad It's good
원하면 감히 뛰어들어
Narcissistic my god I love it
서로를 비춘 밤
아름다운 까만 눈빛 더 빠져 깊이
(넌 내게로 난 네게로)
숨 참고 love dive
Woo lalalalalalala
Woo 어서 와서 love dive
Woo oh perfect sacrifice yeah
숨 참고 love dive
숨 참고 love dive
숨 참고 love dive
숨 참고 love dive
숨 참고 love dive
Woo lalalalalalala
Woo 어서 와서 love dive
Woo oh perfect sacrifice yeah
숨 참고 love dive]"
31,20148657,IVE (아이브),4073710,LOVE DIVE,6155956,ROYAL,2022.04.05,IVE (아이브),"[Royal Royal
두 발끝을 뗀 순간
내게로 집중되는 vibe (woah woah yeah)
익숙한 시선 I want it
숨길 필요 없잖아
느껴져 in your eyes eyes eyes
흔들림 따위는 없는 내 머리부터 발끝까지
세상에 보란 듯 모든 걸 보여 주고파 난
누구보다 환하게 빛나는 그런 나인걸
Cause you know I'm a royal royal
Diamonds and gold
Do it like a royal royal 그게 나라고
거침없이 난 또 네게 걸어가
내 걸음걸이마저도 당당한 그게 나니까
Cause you know I'm a royal royal
Diamonds and gold
손짓 하나와 표정까지
Let you know you know you know you know
you know 날 보여줄래
난 걸음걸이부터 눈빛까지 so royal
다들 물어봐 how can I be like u hol' up
망설이지 말고 보여줘 be loyal to yourself
가장 너다운 걸 보여줄 때 that's royal
솔직한 게 (I) 좋 (like) 아 (it)
아무렴 뭐 어때
숨을 필요 없어 시선에
지금부터 let 'em know your name
나다운 게 (I) 좋 (love) 아 (it)
지금 이 순간
오직 너에게만 집중해
네게 중요한 건 언제나 be yourself
흔들림 따위는 없는 내 머리부터 발끝까지
세상에 보란 듯 모든 걸 보여 주고파 난
누구보다 환하게 빛나는 그런 나인걸
Cause you know I'm a royal royal
Diamonds and gold
Do it like a royal royal 그게 나라고
거침없이 난 또 네게 걸어가
내 걸음걸이마저도 당당한 그게 나니까
Cause you know I'm a royal royal
Diamonds and gold
손짓 하나와 표정까지
Let you know you know you know you know
you know 날 보여줄래
언제나 가장 빛나길 원해
저 별처럼 눈부신 나
어떤 순간에도 자신 있게 나아가 난
Ooh no one can stop me now hoo
Cause you know I'm a royal royal
Diamonds and gold
Do it like a royal royal 그게 나라고
거침없이 난 또 네게 걸어가
내 걸음걸이마저도 당당한 그게 나니까
Cause you know I'm a royal royal
Diamonds and gold
손짓 하나와 표정까지
Let you know you know you know you know
you know 날 보여줄래
(huh one huh two)
Yeah you're vibin'
무슨 느낌인지 알았다면 divin'
(huh one huh two)
그래 너답게
보여줄 때 가장 빛나 like a diamond (royal)
Strike a pose (that's royal)
You are the boss (that's royal)
Let you know you know you know you know
you know 날 보여줄래
Royal]"
32,20148657,IVE (아이브),4068361,ELEVEN,6138300,ELEVEN,2021.12.01,IVE (아이브),"[따분한 나의 눈빛이
무표정했던 얼굴이
널 보며 빛나고 있어
널 담은 눈동자는 Odd
내 안에 빼곡하게 피어나는 Blue
내가 지금 느끼는 이 감정들은 True
내 입술을 간지럽힌 낯선 그 이름
난 몰랐어 내 맘이 이리 다채로운지
긴 꿈을 꾸게 해 이 방은 작은 Heaven
춤을 추곤 해 실컷 어지러울 만큼
Oh my oh my god
한 칸 더 채우고 있어
잘 봐 1 2 3 4 5 6 7
You make me feel like eleven
투명한 너와 나의 사이
가만히 들여다보다
일렁인 물결 속으로
더 빠져드는 걸
그날 향기로운 보랏빛의 Mood
셀 수 없이 반복해도 기분 좋은 꿈
감히 누가 이렇게 날 설레게 할 줄
난 몰랐어 내 맘이 이리 다채로운지
긴 꿈을 꾸게 해 이 방은 작은 Heaven
춤을 추곤 해 실컷 어지러울 만큼
Oh my oh my god
한 칸 더 채우고 있어
잘 봐 1 2 3 4 5 6 7
You make me feel like eleven
내 앞에 있는 너를
그 눈에 비친 나를 (그 눈에 비친 나를)
Aya aya aya (가만히 바라봐)
내 앞에 있는 너를
그 눈에 비친 나를
가만히 바라봐
Don't say now
서둘러 오진 마
이 순간이 좋아 난
미처 몰랐어 내 맘이 이리 다채로운지
긴 꿈을 꾸게 해 이 방은 작은 Heaven
춤을 추곤 해 실컷 어지러울 만큼
Oh my oh my god
한 칸 더 채우고 있어
잘 봐 1 2 3 4 5 6 7
You make me feel like eleven
내 앞에 있는 너를
그 눈에 비친 나를
Aya aya aya
내 앞에 있는 너를
그 눈에 비친 나를
사랑하게 됐거든]"
33,20148657,IVE (아이브),4068361,ELEVEN,6138301,Take It,2021.12.01,IVE (아이브),"[Just take it take it
Yeah take it take it
Just take it take it
Yeah take it take it
대체 뭘 망설이니 Babe (So picky picky)
답답한 너드처럼 Babe (Just take it take it)
밀고 당길 뻔한 루틴까지 Babe
재미없어 난 필요 없는 걸 (I'm sassy sassy)
I I I I I'm so curious
Not not not not too serious
고민하지 말고 빨리 (So picky picky)
그만둬 서툰 계산 따윈 (Just take it take it)
아닌 척 숨기지 마 따분하니까 지루하니까
툭하면 Panic panic uh 진부하니까
날카로운 눈빛 앙칼진 몸짓
겉보기엔 귀여워도 쉽게 다가올 순 없어
Take it take it take it (Just take it take it)
You're stupid stupid (자꾸 쭈삣쭈삣)
I'm toxic toxic
모두가 날 원한 대도 쉽게 다가올 순 없어
Picky picky picky (So picky picky)
갑자기 삐뚤어지면 (Heyayaya)
또 뿔나 너를 할퀼 걸 (Heyayaya)
감춰둔 날 선 발톱에 놀랄지 몰라
자꾸만 네가 거슬려 (Heyayaya)
I I I I I'm so curious
Not not not not too serious
고민하지 말고 빨리 (So picky picky)
그만둬 서툰 계산 따윈 No way
아닌 척 숨기지 마 따분하니까 지루하니까
툭하면 Panic panic uh 진부하니까
날카로운 눈빛 앙칼진 몸짓
겉보기엔 귀여워도 쉽게 다가올 순 없어
Take it take it take it (Just take it take it)
You're stupid stupid (자꾸 쭈삣쭈삣)
I'm toxic toxic
모두가 날 원한 대도 쉽게 다가올 순 없어
Picky picky picky (So picky picky)
마냥 예쁜 고양이 같지
홀린 듯이 손을 뻗어 넌
완전 잘못 봤어
바짝바짝 애만 탈 걸
Go or stop? Ooh la la
더 이상 맴돌지 마 따분하니까 지루하니까
툭하면 Panic panic uh 진부하니까
어디로 튈지 몰라 Oh
날카로운 눈빛 앙칼진 몸짓
겉보기엔 귀여워도 쉽게 다가올 순 없어
Take it take it take it (Just take it take it)
You're stupid stupid (자꾸 쭈삣쭈삣)
I'm toxic toxic
모두가 날 원한 대도 쉽게 다가올 순 없어
Picky picky picky (So picky picky)]"
